Member Number,Cancellation Date
10950346,20160131
10949489,20150915
10413653,20140731
10820414,20140929
10456582,20121231
10912351,20151021
10345751,20130603
10774642,20151231
10529378,20130403
10580806,20121130
10580796,20130228
10580802,20130228
10581029,20121231
10931787,20150718
10924892,20150624
10553770,20130731
10496485,20120930
10159979,20120930
10509494,20120723
10936523,20150831
10928584,20151231
10928584,20151231
10517336,20130131
10879238,20150731
10931683,20150831
10924440,20151130
10919635,20150608
10939201,20151231
10912208,20150921
10547785,20130228
10539685,20120516
10537033,20121231
10540084,20120802
10527701,20120419
10640837,20140108
10923013,20150620
10950942,20160131
10609278,20130609
10685517,20130825
10914794,20150831
10869850,20150710
10757918,20140331
10916082,20150531
10745492,20150228
10547455,20130430
10896292,20150329
10613369,20130331
10954233,20150622
10907548,20150228
10052717,20130731
10052717,20130731
10888076,20150831
10910069,20150516
10917254,20151006
10917254,20151006
10219071,20131031
10880898,20151130
10742417,20141031
10678794,20140430
10526397,20121231
10886056,20150323
10133554,20120324
10884665,20151119
10898389,20141205
10891746,20160114
10877402,20150531
10871150,20141130
10564277,20130124
10880387,20150326
10581215,20130630
10757785,20141130
10866872,20141202
10862915,20141221
10448404,20121031
10908901,20150531
10748274,20140122
10692503,20130921
10557955,20130731
10857231,20140831
10944150,20151231
10851884,20141111
10748027,20140731
10748027,20140731
10663598,20130430
10663598,20130430
10710626,20150331
10236622,20121231
10539390,20120501
10539421,20120501
10539421,20120501
10310334,20120229
10900665,20151231
10846015,20151031
10816875,20150423
10219101,20140630
10826154,20140519
10830665,20140502
10515186,20130103
10696454,20151231
10696454,20151231
10857128,20141030
10285702,20121025
10285702,20121025
10285702,20121025
10285702,20121025
10285702,20121025
10285702,20121025
10236561,20130430
10838505,20140928
10910917,20150228
10519161,20120329
10707285,20140131
10831518,20140630
10569994,20120711
10236864,20140531
10633805,20121217
10411914,20141215
10877276,20151029
10931389,20150531
10869573,20141031
10833881,20151231
10836326,20140630
10840229,20150930
10840229,20150930
10294168,20141031
10602338,20121205
10541941,20130430
10770063,20140817
10819943,20150429
10566927,20120930
10818574,20151130
10526764,20130205
10824408,20140930
10825314,20151130
10801838,20150731
10815652,20150331
10457665,20131231
10173166,20131001
10819861,20150429
10616508,20131231
10817889,20150430
10751375,20131031
10823029,20150507
10853896,20150820
10800082,20150304
10809547,20140731
10786122,20140422
10809393,20150331
10906243,20150228
10867290,20141031
10789564,20140514
10233260,20120715
10233260,20120715
10921405,20150331
10802560,20140811
10858106,20150131
10812872,20150331
10787116,20140228
10417273,20150731
10217364,20130228
10535703,20140803
10785689,20140331
10786473,20140630
10794875,20150301
10814242,20140930
10788635,20140514
10794073,20140630
10780784,20150930
10780784,20150930
10789020,20140228
10770055,20131118
10830849,20140729
10798430,20140531
10785418,20140731
10847052,20140731
10847052,20140731
10918432,20150331
10813596,20140711
10789362,20141130
10766664,20141130
10775247,20140630
10780352,20140228
10894719,20151220
10935071,20150731
10777961,20150831
10774728,20150214
10766055,20131120
10801037,20140614
10131768,20150930
10617834,20150731
10174176,20150331
10752932,20131013
10549057,20120921
10757650,20140214
10769171,20140930
10769171,20140930
10511346,20151031
10607909,20130531
10761251,20131130
10546178,20120831
10839553,20140630
10768005,20131231
10760982,20140731
10775890,20140630
10810572,20150331
10771587,20160131
10741411,20150131
10491128,20140604
10890093,20151102
10890093,20151102
10890093,20151102
10831679,20140513
10831679,20140513
10238037,20130205
10698841,20140831
10295990,20140731
10295990,20140731
10480365,20130131
10480358,20130131
10551379,20130831
10343660,20130122
10214871,20151102
10214871,20151102
10214871,20151102
10214871,20151102
10078276,20130930
10676773,20140430
10697904,20140831
10697904,20140831
10909618,20150129
10903921,20151031
10340282,20141231
10679395,20141231
10679395,20141231
10234650,20130630
10401117,20131031
10594972,20140831
10594972,20140831
10584070,20121119
10202581,20120331
10202582,20120331
10488777,20130131
10148538,20140531
10148538,20140531
10737839,20130827
10737839,20130827
10168193,20150228
10169663,20140430
10697420,20150810
10697882,20130731
10697882,20130731
10523616,20121031
10576888,20130531
10148318,20130531
10811454,20141031
10737353,20130930
10769045,20141231
10260871,20130731
10593743,20130131
10806903,20140610
10769122,20140630
10149299,20150930
10149299,20150930
10457488,20140930
10772449,20141130
10708591,20130801
10708591,20130801
10708591,20130801
10708591,20130801
10139589,20111231
10457903,20121231
10358408,20151231
10706534,20150428
10756646,20150831
10756646,20150831
10452755,20140630
10571000,20150430
10257359,20150131
10384141,20140831
10797361,20140228
10797361,20140228
10846428,20141031
10697557,20141130
10913141,20150331
10913141,20150331
10169465,20140903
10697219,20130611
10583627,20130103
10783231,20140104
10783231,20140104
10152517,20150430
10149045,20130331
10218961,20130531
10705221,20151031
10138627,20150531
10173545,20130228
10131437,20120927
10131437,20120927
10711362,20131130
10127820,20130630
10123833,20140602
10123833,20140602
10706530,20140331
10561722,20130531
10745586,20151231
10745586,20151231
10745586,20151231
10687836,20140531
10687836,20140531
10201631,20151231
10883048,20150330
10147910,20121231
10148312,20120331
10693563,20130930
10448590,20120630
10836512,20140630
10091122,20110930
10126361,20131231
10196988,20121231
10149373,20140731
10149373,20140731
10783837,20150630
10783837,20150630
10783837,20150630
10139557,20130429
10798362,20140210
10696182,20150831
10118122,20140228
10118141,20120831
10219460,20140228
10086205,20121121
10131539,20130131
10471803,20120531
10148301,20131231
10701234,20131117
10126447,20121231
10796568,20150531
10131756,20120229
10131796,20140731
10124975,20120630
10131772,20130430
10123299,20140630
10125696,20130531
10089531,20130531
10138629,20130731
10684218,20130612
10841022,20140731
10122330,20141030
10122330,20141030
10122330,20141030
10122330,20141030
10123054,20131231
10144861,20121231
10120958,20130908
10127815,20140731
10755590,20140331
10113476,20131106
10495828,20120831
10112729,20121031
10117601,20151130
10113166,20130630
10113022,20130731
10113023,20130731
10113398,20120703
10704759,20131231
10704759,20131231
10607377,20121022
10118064,20130228
10112664,20120903
10117015,20121209
10682616,20150126
10678046,20130730
10687416,20130808
10756426,20141130
10678531,20131031
10119238,20130228
10118124,20130930
10113224,20120731
10679682,20130831
10139818,20130716
10673303,20130430
10673303,20130430
10110487,20131031
10864550,20150831
10118137,20111231
10053120,20130731
10113081,20130930
10679493,20130414
10679495,20130414
10512325,20121130
10512325,20121130
10512325,20121130
10537340,20121031
10359103,20130228
10656952,20130526
10654636,20130131
10675036,20140930
10676198,20130724
10676198,20130724
10113188,20141231
10682186,20130814
10670450,20141031
10118114,20131130
10117000,20121231
10668394,20150603
10668394,20150603
10684392,20131130
10673853,20150331
10665228,20130219
10662781,20130408
10661188,20130831
10667255,20140324
10667574,20130226
10670834,20130704
10650446,20140331
10469426,20130228
10754001,20140131
10754001,20140131
10657996,20140227
10667359,20130530
10508960,20120331
10647593,20130113
10107687,20131031
10674715,20130630
10107577,20131031
10669121,20140627
10653670,20150831
10675012,20130719
10671363,20130630
10769547,20140531
10906880,20150630
10663902,20140930
10546176,20121113
10653969,20130519
10807932,20150630
10731763,20140531
10172685,20131231
10915673,20150531
10668742,20140228
10636880,20150930
10868347,20150106
10681183,20150831
10643004,20130531
10893372,20141231
10893372,20141231
10558976,20130612
10650656,20150430
10650662,20151031
10651835,20141031
10641600,20130228
10649053,20130207
10645215,20130429
10645222,20130429
10739223,20131130
10881978,20141130
10647180,20130402
10639154,20131231
10105693,20131231
10653276,20130731
10654763,20130605
10654763,20130605
10654763,20130605
10645699,20140601
10645699,20140601
10648873,20130228
10620744,20140228
10618297,20141031
10706964,20141231
10506484,20121031
10831316,20160131
10620490,20121023
10620492,20121023
10639473,20130630
10757547,20140430
10103518,20140228
10640495,20130630
10632680,20140430
10633918,20130317
10630034,20130930
10619132,20141031
10393660,20141130
10674116,20130831
10633719,20130131
10634007,20130318
10133531,20120630
10133531,20120630
10133531,20120630
10133530,20120630
10601320,20131011
10601320,20131011
10601340,20130430
10603662,20120926
10599054,20120925
10599075,20130630
10600148,20120911
10622928,20130131
10573088,20130131
10627145,20131229
10813255,20140731
10630044,20130630
10653515,20130228
10633802,20131217
10602278,20130731
10602282,20130831
10635728,20130131
10603448,20130831
10603450,20121231
10599984,20121009
10599991,20121008
10548634,20120731
10623373,20121031
10621030,20130131
10345607,20150228
10345024,20140831
10344428,20141031
10600280,20130831
10613219,20130903
10614556,20130331
10615915,20121017
10654417,20141031
10609435,20130831
10906626,20150831
10607086,20121231
10608255,20130331
10604653,20130531
10602045,20120915
10598616,20130430
10600931,20130731
10859397,20140930
10619040,20140430
10607401,20130731
10630812,20130307
10607391,20130331
10607393,20130609
10607394,20130630
10607395,20130228
10735359,20150331
10708767,20131031
10782658,20140228
10598893,20120930
10598913,20121231
10615679,20130430
10611853,20130430
10609261,20130531
10604451,20131017
10616370,20130731
10613315,20130531
10613349,20130831
10613351,20130831
10609759,20130228
10605951,20130831
10604727,20130630
10600030,20121231
10601167,20120913
10601167,20120913
10601195,20130131
10601200,20121031
10601218,20130731
10627016,20141231
10614062,20121113
10612820,20130731
10607816,20130228
10607820,20130228
10607857,20130531
10605131,20160126
10605150,20130831
10601629,20130228
10604206,20130831
10603344,20140331
10598738,20130630
10600944,20121007
10598717,20121231
10622111,20150831
10904998,20160103
10614806,20121231
10587681,20121231
10583181,20130430
10583184,20130430
10583188,20121031
10583191,20121031
10601259,20121231
10598975,20121231
10598982,20121231
10615758,20130429
10601683,20121031
10601685,20130430
10601688,20130430
10601692,20121031
10601695,20130228
10601712,20130630
10615851,20130531
10615856,20130831
10600518,20131231
10600563,20140714
10937713,20150531
10611693,20130731
10611730,20130630
10167617,20121106
10606939,20130630
10752827,20141130
10752827,20141130
10603050,20130131
10603726,20120918
10595701,20130831
10595706,20130630
10598479,20130531
10600767,20130331
10608885,20130731
10585188,20121130
10586334,20121231
10586355,20130228
10585203,20130731
10581886,20130630
10651320,20140131
10604782,20130430
10609621,20130831
10598362,20130228
10880694,20150731
10601027,20130331
10617153,20121211
10612528,20121231
10615964,20130331
10929515,20150731
10613620,20130630
10589799,20130430
10604133,20130731
10604137,20130430
10589779,20130228
10600589,20130228
10600655,20121031
10601727,20130228
10601728,20130831
10601739,20130531
10601742,20130531
10601777,20130103
10610102,20130331
10600581,20121231
10600626,20121231
10607746,20130331
10608917,20130331
10584987,20130131
10586127,20121231
10586142,20120810
10550465,20121231
10606581,20120926
10581706,20130831
10614275,20130106
10615618,20121231
10615632,20130131
10615639,20121231
10607455,20130930
10611442,20130731
10611444,20130731
10603882,20130831
10603887,20130831
10607900,20121031
10607915,20130531
10580866,20140630
10581938,20121130
10583036,20120831
10597785,20120906
10604576,20130430
10664553,20130507
10602217,20130831
10603409,20130731
10603417,20130731
10604592,20130430
10591780,20130531
10591838,20130630
10588418,20130630
10613395,20121231
10614812,20130131
10614821,20121231
10609849,20130831
10612267,20121017
10583656,20120930
10609837,20130331
10583633,20121231
10614844,20121231
10614874,20130731
10614880,20130831
10614881,20121231
10588697,20130331
10585235,20130731
10603955,20121231
10609896,20121001
10609905,20121209
10607569,20130327
10099870,20121007
10099870,20121007
10588221,20121130
10596863,20130331
10594393,20130326
10886755,20150131
10594411,20130731
10595586,20120917
10595592,20130331
10099181,20151031
10587379,20121004
10712577,20140131
10582822,20121231
10582043,20130630
10588160,20121231
10597902,20121231
10597410,20120904
10591054,20121231
10591075,20130430
10589940,20130228
10587664,20130731
10589123,20131231
10589140,20130630
10749852,20140929
10587948,20121231
10595357,20130331
10581052,20130630
10581056,20130630
10598018,20130131
10598037,20130331
10598042,20130228
10597770,20130331
10597780,20130131
10597782,20130331
10573467,20121031
10593127,20130331
10593109,20130430
10593140,20121031
10678995,20130630
10594267,20130430
10588251,20130531
10591968,20130430
10583692,20121231
10583723,20130131
10581805,20130228
10581809,20151231
10581820,20120801
10596594,20130731
10596600,20130228
10594838,20130103
10737130,20160131
10891990,20150331
10590826,20130228
10586308,20130630
10586312,20130228
10591810,20130430
10585468,20130909
10599519,20141130
10586618,20120814
10595062,20130430
10584348,20121231
10584351,20121231
10584356,20121231
10585460,20130630
10585462,20121107
10590585,20121130
10575454,20130331
10575485,20130331
10572151,20121231
10572158,20130616
10085389,20120831
10595175,20130630
10592909,20130630
10449199,20141031
10583548,20130131
10581598,20121130
10582668,20121231
10596429,20130531
10596446,20121231
10701259,20131031
10588302,20130531
10575933,20130630
10566502,20121231
10579705,20121031
10593740,20130331
10590391,20121231
10590401,20121130
10591444,20130630
10573057,20130630
10573051,20130630
10573070,20130630
10113501,20120831
10113501,20120831
10113501,20120831
10590424,20130430
10590429,20120930
10591554,20130430
10591572,20121231
10585539,20130331
10585553,20121231
10581128,20130430
10582234,20130331
10553851,20120607
10597268,20121001
10594856,20121130
10572224,20121231
10591391,20120925
10583609,20130531
10583552,20130430
10583557,20130131
10564160,20130131
10578437,20121119
10590164,20120824
10590168,20120903
10591292,20130430
10599846,20150228
10576166,20140331
10576166,20140331
10572846,20121031
10576112,20130331
10619022,20141130
10594728,20130115
10594719,20130115
10594721,20130115
10594723,20130115
10594725,20130115
10594727,20130115
10594730,20130115
10594731,20130115
10594734,20130115
10594736,20120913
10594737,20130115
10594739,20120913
10594774,20121231
10591360,20121014
10591336,20130331
10591339,20130430
10591349,20130228
10579784,20121130
10575501,20130409
10100764,20130131
10569694,20121231
10571954,20121031
10573080,20130531
10833567,20140630
10568613,20131231
10587932,20130630
10566069,20121031
10577154,20130531
10562769,20130331
10577135,20120930
10577137,20120727
10577142,20120930
10570004,20120808
10568906,20130430
10568914,20130331
10564391,20120801
10564397,20130131
10565482,20130331
10573728,20130331
10571468,20121231
10572579,20130430
10481758,20140731
10566653,20121031
10568953,20121231
10568977,20130131
10576634,20130630
10572238,20130331
10572263,20121130
10563316,20130430
10578756,20130131
10578763,20120809
10578772,20130627
10562594,20130203
10575957,20130131
10576910,20130531
10568641,20121031
10607464,20130831
10531817,20120717
10564211,20121231
10566356,20130106
10640026,20130404
10574639,20120802
10563064,20121231
10563077,20130131
10564240,20130327
10573506,20121231
10573514,20121022
10570123,20121031
10570969,20130131
10571016,20130531
10569003,20130430
10569012,20121130
10567613,20120709
10566429,20121031
10566448,20120706
10566453,20140630
10577160,20130531
10577161,20130531
10575378,20130430
10572931,20130228
10569787,20130103
10569806,20130331
10569298,20130228
10568174,20121002
10564283,20130430
10564828,20121130
10692070,20130528
10576463,20130228
10576477,20121231
10576499,20121130
10579960,20130131
10576735,20121231
10576780,20121031
10565067,20120930
10566176,20121130
10551666,20120903
10473116,20120222
10599495,20130731
10552773,20130131
10566235,20130113
10576006,20121028
10576972,20121130
10576991,20130228
10573818,20121001
10573819,20130331
10573824,20121130
10678151,20130408
10678151,20130408
10571832,20121231
10574133,20121112
10568489,20130131
10570674,20121031
10570701,20121031
10570207,20121231
10562911,20121231
10562916,20121231
10562919,20121231
10562940,20121031
10562940,20121031
10578345,20120910
10559719,20130813
10558548,20130115
10558548,20130115
10564860,20130228
10565966,20130531
10565983,20130331
10550249,20121031
10564947,20130625
10566019,20121031
10566023,20121031
10573579,20121031
10740439,20140930
10572758,20150430
10571636,20130205
10571658,20130430
10572735,20120930
10568264,20130228
10547167,20130115
10547200,20120930
10579233,20130509
10561870,20120627
10577864,20120930
10578939,20130531
10577861,20120930
10550039,20130331
10052788,20130731
10569199,20130430
10558685,20121231
10555189,20130331
10769691,20131231
10570279,20130124
10571458,20121231
10572542,20130331
10570232,20120802
10551536,20121231
10549205,20120610
10544738,20131031
10577920,20121231
10585024,20130609
10650788,20150131
10562464,20130531
10575873,20130430
10576879,20121231
10577945,20121009
10561674,20130430
10561685,20130430
10712873,20140831
10555850,20141231
10517428,20121031
10546101,20130331
10554411,20120630
10561026,20130430
10561048,20120731
10562221,20130228
10552140,20130131
10559779,20130131
10567881,20120704
10548739,20121231
10558442,20120902
10556142,20141231
10552874,20130228
10552880,20130228
10550156,20120731
10550159,20130430
10578831,20121031
10561733,20130531
10561735,20121231
10546089,20120605
10558761,20160131
10577709,20140630
10577720,20130630
10556372,20121130
10556375,20121001
10556809,20140403
10557977,20130131
10545890,20130131
10553052,20120930
10553074,20130430
10559552,20150131
10559554,20120930
10559573,20130630
10549633,20121231
10549327,20130331
10549359,20121130
10631555,20140430
10547388,20120606
10551309,20150131
10736709,20130930
10552672,20120611
10552680,20121031
10552694,20121231
10553866,20130228
10553885,20120930
10553900,20130331
10551589,20120903
10552656,20121031
10548171,20121031
10548174,20121031
10549291,20121031
10547684,20130930
10544279,20121031
10544283,20130131
10544320,20120731
10544339,20120930
10559614,20130331
10559629,20121031
10560072,20120827
10545707,20121130
10545710,20130131
10554243,20120606
10554243,20120606
10544566,20150131
10544580,20130430
10314247,20151130
10533775,20120731
10533780,20121029
10535960,20130106
10561825,20130331
10561848,20121031
10555728,20130228
10556867,20130331
10552205,20120625
10552486,20121031
10549940,20120831
10550270,20121031
10550228,20121031
10550231,20130331
10551336,20130331
10551359,20121231
10551369,20120702
10551372,20120802
10551375,20130831
10053310,20131130
10546349,20130430
10735463,20130827
10557137,20121231
10571163,20130228
10539225,20120831
10539236,20120731
10537063,20121231
10537065,20130331
10537071,20130331
10537075,20120531
10561517,20121031
10559189,20120710
10459989,20131031
10531358,20130101
10532425,20121002
10712387,20140831
10712387,20140831
10545553,20120515
10547825,20130131
10549706,20120920
10133308,20120429
10530598,20120702
10559236,20121231
10543868,20121231
10556958,20130331
10553369,20121031
10553390,20130131
10553401,20121130
10540133,20130131
10541247,20130131
10541250,20121031
10603301,20130930
10535788,20130228
10538983,20150131
10544126,20121031
10544186,20131231
10544194,20130131
10535778,20130131
10535781,20130131
10560124,20121231
10560125,20130213
10858897,20140805
10532234,20121231
10533292,20120530
10531151,20130327
10527863,20121231
10544235,20121031
10537121,20121231
10559012,20130331
10532732,20121031
10533812,20121031
10533829,20130630
10533839,20130331
10533849,20130102
10217547,20131231
10549789,20130331
10532689,20120610
10532739,20160114
10528133,20130123
10528170,20121231
10528175,20121231
10528178,20121231
10557885,20120711
10557902,20130131
10712669,20140228
10543681,20140731
10557848,20121231
10552049,20130721
10552054,20120528
10552059,20130331
10554342,20130228
10554393,20121031
10538806,20121130
10539891,20130331
10539903,20120704
10537675,20121031
10537718,20120831
10534409,20121031
10562260,20120831
10540382,20130331
10601166,20130430
10541496,20120724
10533092,20121231
10533101,20121130
10528336,20120410
10564824,20130630
10527651,20120610
10562333,20130331
10561181,20130228
10536861,20121209
10535796,20130228
10535802,20121231
10535804,20120425
10549600,20120930
10133095,20120429
10550222,20120611
10844682,20140731
10547280,20130331
10547318,20140331
10133323,20120429
10556599,20120722
10529070,20120502
10527924,20130131
10556447,20130430
10556446,20130430
10541001,20130430
10552936,20120930
10811776,20150531
10552989,20121231
10538617,20121002
10538622,20121231
10552973,20130131
10874773,20150531
10536454,20121130
10536469,20121031
10537499,20131003
10537509,20120902
10527079,20121129
10540148,20121231
10541331,20150131
10530797,20121031
10530800,20130331
10529656,20120410
10124397,20150331
10529682,20121031
10529695,20120731
10544109,20120930
10527177,20121130
10529381,20130403
10529392,20130403
10527128,20120930
10527153,20121031
10530171,20121130
10531184,20130113
10531211,20130131
10531219,20121031
10528199,20121231
10528201,20121231
10528205,20121231
10528208,20121231
10543291,20130331
10527687,20121231
10636277,20141031
10539147,20120630
10535899,20121231
10536974,20120930
10817251,20141130
10533980,20120630
10541093,20120503
10538879,20130131
10509394,20130131
10509398,20130131
10510521,20120328
10541180,20121231
10541182,20140831
10553080,20121031
10828327,20150430
10828327,20150430
10828327,20150430
10543628,20130531
10848498,20150731
10540034,20130602
10541183,20121231
10541187,20121231
10541189,20121231
10530745,20120731
10543065,20120814
10867852,20141031
10538965,20150131
10535693,20121130
10515029,20121031
10516071,20120731
10516094,20120930
10540903,20140731
10538671,20121031
10540854,20150228
10540868,20130226
10540869,20130228
10536476,20130131
10538643,20120816
10513629,20120630
10509221,20121114
10510314,20121231
10543359,20120510
10543361,20120510
10538719,20130331
10531941,20130131
10531949,20130131
10530033,20130331
10531072,20120930
10543334,20120510
10526628,20121031
10527749,20121231
10543943,20130131
10840021,20140930
10840021,20140930
10543305,20130331
10537644,20120530
10522723,20120930
10534348,20120516
10540641,20130430
10513650,20130228
10536312,20120731
10536342,20140309
10558676,20140930
10537353,20121031
10510162,20121231
10511209,20121130
10523392,20120330
10524492,20121231
10524494,20120630
10524526,20120531
10540684,20121031
10540697,20121031
10540730,20121231
10541994,20121031
10532798,20121031
10537409,20121031
10537435,20130228
10530607,20130831
10530654,20140930
10664482,20130225
10529801,20120416
10529817,20120419
10543147,20120510
10526409,20121231
10671387,20141231
10543136,20140430
10522565,20120731
10533051,20120430
10534131,20121031
10493402,20120210
10493402,20120210
10515635,20121130
10535014,20130131
10053623,20121130
10686237,20130915
10534981,20130116
10542964,20121231
10539440,20121031
10669553,20140430
10512635,20120831
10511504,20130228
10528481,20121031
10544078,20140228
10541674,20120930
10542919,20121231
10542921,20141031
10542924,20121231
10542926,20121231
10542930,20121231
10542939,20121231
10523465,20121231
10524591,20120930
10522351,20120831
10532876,20130430
10515455,20120730
10515463,20121231
10515470,20120619
10521515,20120930
10509327,20130228
10592046,20130131
10524153,20120517
10521898,20120831
10521905,20120630
10522672,20120831
10522674,20120630
10510177,20120930
10659468,20140131
10510470,20121231
10523242,20120731
10523715,20130228
10521105,20121031
10521113,20120930
10516018,20120831
10517113,20121130
10517706,20121010
10514980,20121231
10516010,20120930
10581328,20121031
10513052,20121031
10517981,20120430
10517999,20120430
10525041,20121130
10525026,20130228
10564922,20130228
10559198,20121031
10693617,20130605
10693617,20130605
10693617,20130605
10523499,20121031
10523504,20121031
10812726,20150930
10524624,20121231
10524635,20120731
10521973,20120410
10521979,20120419
10519733,20121031
10509496,20121231
10517780,20120930
10514460,20130228
10515502,20121130
10514447,20120319
10501704,20130531
10498474,20120417
10499478,20120714
10499499,20120331
10647001,20130430
10511993,20120930
10524489,20120630
10523298,20121106
10521751,20120327
10522818,20120731
10517257,20131231
10517282,20130630
10543687,20150131
10518425,20120831
10514533,20120930
10515580,20121231
10515620,20120831
10510052,20120831
10510056,20120829
10493047,20140729
10494091,20121031
10508093,20120731
10159747,20130831
10517573,20121130
10517574,20120731
10518680,20121130
10243120,20150228
10287192,20150721
10516969,20121031
10514240,20121031
10499306,20121231
10499315,20130131
10499330,20121031
10562754,20120930
10519896,20120330
10511787,20121031
10526194,20120731
10524287,20121231
10521687,20121130
10521082,20120930
10539927,20120831
10523462,20130228
10521137,20120430
10521123,20120831
10521129,20120930
10521132,20121130
10521074,20121107
10521088,20130228
10521089,20120425
10521114,20130131
10521071,20120930
10521682,20120630
10521995,20121130
10499576,20121231
10496342,20121231
10508696,20121031
10492807,20130203
10506733,20120930
10539002,20140331
10503402,20120502
10508102,20120630
10516263,20120529
10503924,20140930
10505914,20121031
10505926,20120531
10535735,20121031
10519634,20130331
10736339,20131130
10499355,20120531
10494968,20120930
10506565,20121130
10507666,20121031
10491549,20130306
10493122,20121002
10508144,20120930
10597971,20121106
10597971,20121106
10496407,20120731
10505696,20121031
10505730,20120731
10501787,20120731
10497511,20150930
10559913,20121013
10496947,20120930
10518561,20130131
10491362,20130228
10495113,20121130
10655217,20130531
10655217,20130531
10497325,20130430
10492939,20120630
10492962,20120630
10503512,20130402
10122063,20151231
10516991,20130630
10501624,20121001
10498393,20121031
10498405,20130414
10498405,20130414
10498405,20130414
10708351,20150228
10492464,20121231
10493481,20140309
10493481,20140309
10505768,20120930
10505778,20120502
10505798,20120502
10494834,20120531
10587672,20130228
10494843,20121031
10492711,20120613
10492728,20121231
10483198,20130630
10478635,20130630
10496075,20130905
10496078,20131027
10493863,20121130
10493866,20121231
10493876,20130131
10504317,20120731
10504340,20120627
10491644,20121031
10499256,20120714
10499246,20120630
10494879,20120731
10457304,20121231
10596636,20130630
10493302,20120930
10505573,20121031
10503567,20121130
10689617,20140331
10490849,20121031
10490857,20121231
10490886,20121231
10490880,20121231
10485319,20150131
10487520,20160201
10493574,20130930
10493574,20130930
10493580,20121106
10492476,20140130
10505329,20120531
10479560,20150331
10479571,20130228
10479575,20130228
10476271,20130831
10494724,20121031
10495815,20120831
10495827,20120831
10501176,20120714
10476518,20140430
10476520,20131031
10477644,20121031
10474317,20150630
10475456,20120930
10504389,20120930
10904257,20150228
10810897,20150131
10486247,20150131
10506212,20121031
10513762,20121231
10508394,20130430
10508395,20121130
10480486,20141031
10480510,20140131
10663871,20130611
10479335,20130131
10494538,20121114
10491250,20140831
10538903,20131031
10481003,20140831
10496650,20121031
10478498,20130305
10475265,20130430
10487224,20120207
10490927,20121130
10490950,20130228
10490956,20121031
10490992,20130130
10488702,20141031
10489890,20120531
10481393,20131231
10885519,20150731
10673714,20140831
10493251,20120831
10633606,20140531
10485155,20131130
10485170,20131130
10484114,20150331
10737884,20150331
10490508,20120604
10488772,20130131
10485430,20150131
10119820,20120109
10490753,20121031
10490768,20121231
10490775,20121231
10474137,20150228
10770002,20151031
10490780,20121231
10490786,20130103
10490819,20121231
10489754,20120917
10477040,20140228
10477005,20151031
10473698,20130531
10573794,20121231
10473707,20131129
10487495,20130131
10484222,20130418
10481977,20130213
10783881,20140930
10463440,20130731
10460006,20121231
10460036,20131231
10456539,20141231
10475796,20130630
10456571,20121231
10456592,20150430
10474014,20150101
10496651,20120630
10496651,20120630
10475713,20130430
10476762,20140707
10584417,20121007
10091556,20140131
10091556,20140131
10085605,20130106
10466761,20130430
10463488,20131231
10466711,20130531
10539133,20121031
10459846,20151031
10462044,20121231
10490395,20130331
10582714,20121231
10476777,20131130
10508148,20121002
10476815,20120910
10474817,20151231
10456639,20121231
10456642,20131231
10456609,20121231
10456615,20150228
10470972,20130531
10480462,20140131
10482674,20141231
10466561,20130331
10489060,20120331
10935587,20150930
10492063,20130110
10459629,20121209
10456095,20120531
10457269,20151231
10457300,20131231
10457295,20151231
10897803,20150603
10670505,20160131
10473607,20120515
10489131,20120731
10464594,20121231
10689366,20130930
10689366,20130930
10481340,20130131
10495837,20120831
10481351,20130930
10481353,20130131
10481358,20130131
10482460,20130630
10479067,20130228
10481325,20130131
10606587,20121231
10550458,20121231
10468930,20120630
10469988,20130430
10620336,20130116
10467857,20121231
10697737,20150710
10457106,20120531
10457110,20121231
10459407,20130528
10459407,20130528
10459407,20130528
10459410,20131231
10457049,20130831
10457093,20121031
10488864,20120714
10476681,20130131
10459880,20121231
10476662,20150228
10476694,20130430
10463953,20140930
10545171,20121031
10461699,20130331
10466587,20120630
10788183,20140430
10473188,20120630
10470910,20130430
10463094,20121231
10826138,20140930
10463086,20121231
10459640,20150531
10459975,20121231
10457882,20131231
10457886,20121231
10456449,20121231
10456513,20121231
10456505,20121231
10456516,20121231
10456509,20121231
10457713,20121231
10473110,20130531
10473126,20140430
10456472,20121231
10470413,20151231
10471526,20140331
10472656,20130228
10469413,20130228
10468229,20121010
10462207,20121231
10463755,20130121
10464809,20141130
10463735,20150630
10416115,20130731
10502923,20121231
10551313,20150131
10834644,20150930
10173546,20130531
10560297,20120930
10560297,20120930
10457168,20150731
10457171,20121231
10457443,20141231
10457456,20121231
10457460,20131231
10737400,20140831
10456214,20150131
10456230,20121231
10467003,20140903
10148324,20120531
10462007,20121231
10443424,20121231
10469386,20130228
10462914,20130531
10463972,20121231
10452763,20121231
10451658,20131130
10469490,20140731
10533049,20130218
10459231,20120328
10101214,20130106
10456939,20141231
10456953,20121231
10457223,20121231
10457217,20130731
10469403,20130228
10469418,20130228
10469421,20130228
10470467,20130103
10469391,20130228
10459527,20130930
10460114,20120930
10467085,20121231
10468095,20120531
10468105,20121231
10630731,20121108
10467054,20140429
10701425,20150331
10462682,20131231
10955156,20150731
10463790,20130630
10463791,20130122
10452568,20151231
10469286,20141130
10470329,20140930
10467138,20150831
10469273,20140430
10456702,20141231
10457893,20140831
10456985,20121231
10456990,20131231
10457014,20140730
10448191,20131231
10463876,20150115
10463889,20131231
10462696,20131231
10462752,20130131
10459321,20121231
10659800,20130731
10457019,20121231
10464689,20130131
10053343,20140131
10463568,20130122
10463583,20131231
10463599,20131231
10401359,20130919
10466906,20120930
10467998,20140109
10470070,20130430
10451557,20140630
10446759,20131130
10060270,20120831
10670458,20140630
10456749,20141231
10456789,20131130
10547162,20121231
10410830,20141231
10444572,20121231
10454595,20121226
10469636,20150630
10452134,20140430
10451870,20140930
10449467,20131130
10422607,20121231
10453891,20131031
10455050,20131231
10523011,20130131
10558852,20120731
10448108,20131106
10449226,20150630
10449287,20131231
10411510,20130131
10411732,20120731
10414210,20131231
10688043,20140630
10455510,20120531
10642250,20130227
10346107,20151231
10876758,20151231
10447916,20130228
10450216,20130531
10450220,20150331
10454667,20120630
10454673,20131031
10452239,20130630
10453483,20150630
10053344,20130630
10448951,20131031
10448976,20131031
10447259,20131231
10412282,20130228
10694518,20150228
10912358,20160131
10343992,20121009
10446368,20130630
10525383,20130430
10457638,20141031
10454426,20141031
10454426,20141031
10454693,20151031
10052795,20121231
10443669,20121031
10439950,20150331
10447458,20130531
10443680,20141231
10812275,20140309
10452066,20121231
10626355,20140731
10287387,20120531
10296682,20140930
10296883,20120331
10052599,20130531
10384150,20120630
10393547,20120831
10675361,20151231
10374798,20130331
10581770,20130430
10748197,20150630
10518643,20120731
10587662,20140306
10591462,20130531
10501086,20120702
10439971,20130831
10439972,20150531
10439976,20150430
10308047,20131231
10434187,20130228
10323384,20150331
10439199,20150831
10439199,20150831
10343762,20121231
10377830,20130630
10409664,20150731
10409664,20150731
10409664,20150731
10702383,20150531
10702383,20150531
10359965,20130430
10358372,20130116
10358404,20150531
10339886,20121231
10759891,20140929
10419864,20140312
10490846,20121231
10541391,20120510
10469723,20130228
10425285,20140228
10260693,20140131
10260816,20140131
10412241,20120731
10541679,20130430
10691191,20130731
10557130,20120608
10434059,20141231
10422941,20130430
10173169,20121114
10434294,20151130
10414463,20141231
10415569,20121031
10375261,20120229
10267719,20151130
10416099,20150731
10601059,20150131
10411533,20130131
10411545,20121031
10412211,20120430
10412403,20150228
10412205,20120402
10412278,20120731
10413654,20111130
10586560,20130131
10410169,20141130
10248622,20151231
10434403,20130123
10549274,20120701
10470405,20140228
10415890,20131231
10264848,20131009
10264848,20131009
10264848,20131009
10264848,20131009
10253736,20131031
10496938,20120731
10631794,20140930
10259096,20140131
10599852,20130228
10456699,20131130
10414559,20131208
10410117,20150531
10375273,20120430
10636720,20130602
10389467,20131013
10411511,20121231
10248796,20131231
10416480,20120731
10841815,20141130
10573035,20121130
10573042,20120913
10394784,20120930
10394844,20130331
10412268,20121231
10247493,20130808
10247493,20130808
10410095,20130731
10614298,20130331
10562777,20130409
10412313,20121130
10409349,20130630
10409349,20130630
10533211,20121231
10798142,20150331
10416603,20120731
10416579,20131031
10401095,20130630
10412231,20130228
10846793,20150407
10395340,20130731
10395340,20130731
10350155,20140116
10350155,20140116
10350155,20140116
10340487,20120110
10345063,20130211
10384742,20120531
10574025,20121031
10598528,20130331
10612735,20130331
10612637,20121031
10418875,20120731
10565213,20120812
10416371,20121031
10606778,20121026
10605554,20131019
10601934,20121031
10609153,20130831
10359244,20130430
10744886,20140531
10449415,20130429
10811628,20151130
10607459,20121231
10416568,20121031
10395204,20130228
10358634,20130331
10416153,20120731
10345500,20120319
10385018,20120630
10246625,20130131
10416198,20120731
10670733,20130313
10392740,20130803
10234812,20150731
10509510,20130122
10501340,20130502
10233950,20150102
10327561,20120430
10359373,20150430
10359519,20130430
10934263,20150407
10934263,20150407
10934263,20150407
10934263,20150407
10393666,20120930
10339840,20111231
10384162,20160131
10344717,20150309
10381827,20121031
10359887,20150131
10383595,20150331
10401106,20141130
10401083,20141130
10358354,20150131
10358815,20130430
10343787,20131230
10359704,20130430
10345787,20120831
10313824,20120831
10350038,20140228
10393670,20121031
10555467,20121031
10385026,20111130
10456950,20131231
10572743,20121106
10401865,20141231
10384138,20140331
10351265,20140731
10344485,20121231
10343622,20141031
10771721,20140930
10368687,20150531
10384147,20141031
10343967,20121231
10538803,20130430
10382896,20130430
10580949,20140228
10324524,20120731
10392215,20120828
10087321,20130930
10547179,20130331
10345488,20130331
10383119,20120229
10385872,20141231
10234505,20120831
10393163,20111130
10480293,20130430
10457879,20130430
10391133,20140531
10391132,20140531
10374157,20150228
10343399,20120319
10393535,20130228
10392557,20150731
10236056,20130630
10344524,20121130
10344534,20130630
10389581,20121031
10368931,20120229
10384156,20120430
10393662,20150331
10344928,20130113
10345005,20121231
10557788,20130228
10091279,20140228
10379010,20160201
10528053,20130331
10698158,20130731
10368935,20140228
10764588,20131105
10764588,20131105
10764588,20131105
10201331,20131231
10235744,20120301
10384174,20130531
10384175,20140731
10235489,20130630
10235586,20120311
10768513,20150131
10768513,20150131
10377519,20130331
10656128,20140531
10359835,20141231
10705145,20140929
10204593,20121031
10221132,20120513
10651896,20130630
10591479,20120829
10320894,20131231
10464323,20140131
10358662,20140630
10477275,20150731
10202584,20120731
10344429,20131231
10339564,20130930
10449618,20130131
10330473,20140531
10368890,20130108
10368890,20130108
10052793,20151130
10375251,20130131
10511460,20141031
10343657,20120424
10343535,20150827
10329680,20121231
10358043,20130531
10370235,20130804
10359726,20121231
10939733,20151231
10344513,20121106
10339917,20130331
10359143,20140531
10359145,20130430
10217447,20120416
10359518,20130430
10359589,20130430
10216629,20121231
10216634,20131031
10457179,20121231
10496193,20120731
10486783,20130331
10358848,20130103
10340283,20130331
10343843,20130131
10345894,20151031
10359449,20130430
10795939,20150304
10343305,20130430
10580739,20150630
10359368,20111130
10359243,20130430
10358252,20130430
10358364,20120229
10323275,20130901
10345501,20120319
10344112,20120930
10351143,20130101
10343239,20121231
10060557,20130331
10091143,20130430
10358735,20121231
10358855,20130430
10358858,20140330
10344962,20141231
10340759,20121031
10544837,20121031
10301537,20111231
10640499,20130831
10359569,20140531
10625879,20131130
10344586,20151031
10310297,20120131
10344418,20140930
10540404,20140630
10687515,20140430
10301518,20120531
10694004,20140831
10301030,20140211
10323834,20131007
10309285,20131130
10309286,20131031
10591332,20130731
10314547,20140630
10618322,20131031
10549466,20130630
10163002,20130331
10300662,20121231
10864434,20150731
10864434,20150731
10864434,20150731
10301540,20121231
10298603,20141031
10490717,20120731
10622090,20140131
10309277,20140331
10738887,20141031
10738887,20141031
10738887,20141031
10738887,20141031
10159581,20140331
10159752,20140731
10159760,20140831
10298602,20141231
10173144,20121231
10298609,20131031
10286336,20131130
10168748,20120430
10159782,20150131
10160057,20131130
10140933,20121130
10744313,20140609
10744313,20140609
10298611,20121231
10497646,20130402
10497646,20130402
10456271,20140930
10621647,20131201
10621647,20131201
10324589,20130131
10310386,20120229
10280119,20140601
10112940,20130402
10605754,20130831
10299297,20121231
10299787,20130731
10584516,20130430
10867656,20151018
10867656,20151018
10867656,20151018
10298605,20150131
10300797,20111130
10296160,20130806
10087298,20130331
10416125,20121031
10279949,20151031
10579538,20120831
10579538,20120831
10158541,20150831
10674646,20130430
10298596,20140131
10268487,20111222
10270163,20150501
10268655,20150528
10277046,20120630
10771787,20150731
10451198,20130228
10592921,20121031
10159460,20150131
10159488,20111231
10159488,20111231
10159489,20150131
10286109,20130131
10112988,20120731
10113011,20120731
10113024,20121130
10400575,20130831
10649144,20150131
10649144,20150131
10278582,20120229
10277749,20130430
10771325,20131120
10771325,20131120
10148314,20121231
10148319,20120229
10285909,20131031
10835004,20140630
10831843,20140606
10174383,20130831
10135098,20141231
10557056,20120608
10557056,20120608
10299122,20111231
10295073,20130403
10705727,20150430
10562959,20130331
10108446,20130831
10281077,20130131
10278259,20140630
10375267,20150930
10479543,20130731
10131769,20111130
10286333,20130831
10443636,20130831
10261295,20140106
10620102,20121202
10109177,20131031
10578911,20121031
10125006,20130630
10282154,20130630
10559505,20140531
10550037,20120630
10672979,20130318
10672979,20130318
10132504,20130430
10132504,20130430
10267352,20111231
10258085,20130122
10257627,20130121
10285973,20130116
10255597,20121231
10052984,20140531
10583791,20120912
10551503,20120731
10504875,20140630
10695639,20141005
10695639,20141005
10529642,20130331
10173486,20130531
10670036,20150810
10602333,20130113
10586422,20130630
10266037,20130430
10685183,20140724
10248220,20111130
10248901,20121031
10258683,20121130
10258465,20121231
10768230,20140107
10768230,20140107
10254077,20150131
10266513,20120827
10266513,20120827
10297022,20130831
10237181,20120430
10243441,20121031
10238388,20120229
10549713,20121130
10262542,20111231
10258176,20120731
10258175,20120731
10253231,20140831
10255705,20130630
10244730,20130716
10249246,20141031
10234992,20130630
10238393,20140331
10311384,20120831
10229675,20130331
10521913,20120430
10235587,20140430
10087283,20121017
10229607,20140430
10238853,20120419
10590464,20130531
10257869,20130831
10255251,20120930
10256173,20121231
10255144,20131111
10255144,20131111
10258184,20120223
10588784,20130630
10519564,20150731
10579885,20120803
10235928,20121002
10247084,20151031
10234668,20130228
10235036,20130630
10242984,20130116
10605446,20130630
10515227,20130831
10235746,20120831
10451135,20130228
10248734,20121031
10784884,20151231
10235846,20140731
10234922,20120831
10262712,20121130
10257479,20131231
10235792,20130831
10246571,20121031
10267754,20131031
10235619,20151231
10236325,20130831
10243423,20130831
10243310,20151111
10262575,20140331
10454267,20140228
10255721,20120930
10255725,20121231
10248909,20121031
10255124,20140831
10235055,20131231
10892994,20150407
10236453,20140731
10242491,20140731
10236181,20130630
10260106,20130106
10053437,20150131
10234848,20151231
10235418,20130331
10235844,20140731
10234353,20130630
10680449,20150930
10262031,20120530
10238387,20130430
10248565,20150930
10553587,20130131
10234745,20140430
10218271,20120731
10621405,20130630
10234894,20150630
10234923,20140731
10220915,20120610
10220915,20120610
10237709,20130228
10247942,20141230
10246881,20121231
10221699,20140228
10217419,20131231
10217704,20131231
10217721,20150731
10231869,20140930
10235679,20130630
10231354,20140815
10231354,20140815
10235741,20130630
10235743,20120229
10243193,20120131
10236247,20140731
10247632,20131031
10238396,20151130
10235266,20130630
10257995,20120605
10253299,20160131
10253299,20160131
10215658,20131231
10221535,20121012
10220330,20120930
10220439,20130331
10216832,20150731
10236383,20121114
10236285,20130630
10236316,20130630
10248900,20121031
10248904,20121031
10236602,20130630
10248294,20141231
10235980,20130630
10239017,20150831
10239036,20140831
10235228,20140331
10454278,20120214
10221130,20130131
10235295,20121031
10236002,20140731
10248396,20120311
10248133,20121231
10232400,20140831
10645895,20140228
10218139,20130331
10236274,20130831
10217161,20120930
10712404,20140531
10235278,20130630
10637345,20130331
10216791,20131031
10235328,20140731
10235345,20120423
10216679,20150531
10817145,20151027
10236180,20140731
10219946,20130331
10770587,20150930
10235181,20141130
10221817,20130331
10255121,20121231
10236246,20130630
10248534,20121031
10215412,20130731
10221059,20120513
10214768,20131231
10221458,20140630
10220349,20130331
10457484,20131231
10217150,20130531
10233539,20120802
10217706,20140101
10221545,20131231
10547142,20121129
10214490,20121122
10217810,20131231
10221046,20130414
10217665,20131231
10221562,20130912
10521879,20130930
10515717,20140630
10456746,20141231
10216926,20130731
10214280,20120831
10215844,20131231
10216875,20130116
10216700,20131231
10215382,20131231
10215391,20130228
10234457,20121031
10235490,20140731
10235493,20130630
10085254,20130414
10085254,20130414
10234354,20121002
10216685,20131231
10217645,20131231
10221320,20150630
10218194,20131231
10216657,20130731
10214940,20131231
10562901,20130531
10562836,20120910
10543993,20121231
10755138,20131130
10215134,20131231
10217183,20140630
10219215,20140831
10217258,20140930
10217844,20130531
10213772,20131231
10778884,20150228
10200554,20120805
10691379,20140617
10216720,20141231
10199230,20140228
10467182,20120307
10466681,20130430
10218282,20131231
10552863,20120909
10219908,20120731
10180823,20130131
10206197,20140831
10216239,20131231
10565204,20120831
10565211,20120831
10492447,20120927
10219300,20130531
10216231,20131231
10205441,20120830
10201978,20131203
10201978,20131203
10202586,20120731
10199038,20140930
10577908,20130228
10630568,20150119
10231870,20130930
10462097,20120130
10200903,20121231
10194378,20140227
10194378,20140227
10585558,20130228
10203256,20120630
10195746,20120630
10200050,20120318
10206545,20120531
10200892,20131231
10203733,20120930
10181423,20120430
10195739,20130430
10195780,20120229
10197385,20121231
10199163,20111130
10196207,20121031
10192987,20130731
10199582,20121231
10578794,20140228
10174442,20130331
10277166,20130831
10754271,20150430
10754271,20150430
10171741,20120731
10173140,20131231
10180451,20130228
10194540,20130808
10086905,20120530
10534434,20121231
10174326,20130430
10171531,20130430
10541339,20140731
10541346,20150131
10184280,20140331
10195815,20120731
10867042,20141031
10600842,20120924
10203242,20120831
10183329,20130228
10234621,20130228
10085111,20120822
10179973,20130228
10179973,20130228
10179973,20130228
10172524,20130331
10198513,20120318
10200082,20150131
10173527,20121231
10085989,20140416
10172377,20121231
10174277,20130425
10174277,20130425
10174277,20130425
10174193,20160201
10174193,20160201
10174252,20140831
10174252,20140831
10174252,20140831
10184575,20130131
10170111,20130609
10176040,20120630
10174409,20141031
10522117,20130331
10180480,20151031
10195747,20140430
10195787,20140112
10203663,20120718
10171941,20121031
10159219,20130120
10171431,20120731
10159845,20131130
10158880,20150131
10640915,20150430
10640915,20150430
10171770,20120630
10187445,20130131
10172820,20130731
10601160,20120912
10624767,20140323
10174536,20130401
10464942,20130210
10547222,20120831
10176143,20120517
10172267,20130103
10172267,20130103
10172267,20130103
10172173,20150601
10172173,20150601
10172173,20150601
10160448,20130831
10780077,20140630
10158486,20140731
10158884,20140731
10159544,20130131
10743507,20140228
10171957,20150831
10173489,20130331
10172350,20130630
10172350,20130630
10172350,20130630
10561176,20120704
10837563,20140831
10158995,20130829
10159086,20150131
10159147,20120930
10159216,20140731
10602739,20140331
10170905,20130531
10159798,20140831
10160469,20130831
10540901,20150131
10636810,20130331
10159639,20130829
10229712,20121031
10167092,20130228
10857537,20150731
10158988,20130831
10164025,20121231
10160005,20150731
10158466,20140531
10652865,20130228
10155543,20120630
10221057,20120630
10158727,20150629
10170719,20140721
10170719,20140721
10170737,20121031
10159085,20140731
10169283,20120430
10168087,20131031
10456575,20121231
10761970,20150331
10159692,20130831
10740483,20140331
10160281,20130131
10158835,20130919
10540899,20130831
10169726,20121031
10159686,20140430
10169284,20121130
10158635,20131231
10160154,20150131
10159658,20140731
10158871,20150831
10159014,20130204
10495757,20130228
10613985,20130404
10159170,20150831
10158601,20140831
10159151,20121231
10168737,20120430
10159404,20140930
10169498,20121130
10549336,20121231
10158982,20150131
10158983,20130829
10148825,20140131
10168739,20121130
10155556,20111231
10172050,20131231
10159431,20130831
10159405,20140831
10160626,20131013
10160626,20131013
10874573,20151031
10170986,20130430
10159745,20130831
10575932,20130630
10158962,20150831
10158507,20150731
10155028,20150228
10155790,20160114
10544460,20120607
10369755,20140228
10651752,20131031
10755632,20131009
10928864,20150920
10148907,20130718
10175365,20150430
10676169,20140424
10643579,20130228
10614206,20121031
10487308,20120731
10657719,20150331
10522834,20130131
10935002,20150801
10495797,20120831
10344406,20150909
10339868,20130430
10858463,20150630
10734094,20160114
10615606,20121231
10501730,20120331
10559803,20121031
10195775,20140228
10896753,20141231
10485062,20141031
10298594,20140430
10510015,20130708
10452093,20141130
10942962,20150831
10423036,20130930
10469353,20141231
10296679,20121130
10444222,20140227
10514470,20120831
10604652,20130131
10612519,20121130
10487320,20130131
10107668,20131231
10459950,20131031
10410080,20150228
10508099,20120809
10204310,20120131
10500745,20120329
10513510,20121209
10416655,20121031
10393622,20111130
10498878,20121104
10579692,20130531
10053351,20130630
10158604,20130829
10938128,20160131
10573121,20130630
10464430,20150228
10883571,20160131
10883571,20160131
10052218,20140331
10451466,20140831
10235070,20130630
10053056,20130614
10052804,20130831
10480321,20141031
10139151,20151130
10139151,20151130
10571689,20121130
10823208,20140531
10325009,20120221
10744700,20150831
10903002,20151231
10913169,20150228
10324075,20121231
10482604,20131231
10323265,20150114
10654982,20140430
10323828,20130630
10323508,20150131
10323508,20150131
10584353,20121231
10612927,20121231
10585828,20151130
10266455,20130531
10794214,20140731
10775335,20141130
10775335,20141130
10754818,20140702
10268604,20130115
10619453,20150331
10324803,20160131
10181258,20120531
10515146,20120607
10268477,20121002
10572844,20120731
10540039,20120831
10560219,20120711
10430451,20120703
10267726,20141130
10561254,20130303
10678526,20130414
10678526,20130414
10548487,20150131
10548494,20150131
10269388,20141231
10267752,20150331
10553064,20120611
10601405,20141031
10350060,20120229
10267721,20130930
10551890,20121231
10170920,20130422
10170920,20130422
10787556,20150419
10600574,20130630
10457707,20121231
10597222,20130131
10528188,20121231
10350192,20120425
10391291,20130831
10349531,20130217
10566481,20120706
10457448,20120715
10579369,20120726
10174878,20131231
10561863,20130131
10598014,20121209
10612538,20130331
10599029,20130203
10536391,20121130
10585463,20130103
10607556,20130701
10846638,20140731
10614398,20130630
10247618,20130430
10463654,20131231
10540851,20120930
10537489,20120521
10463864,20121231
10563461,20150407
10894439,20141231
10712417,20130831
10712417,20130831
10489152,20130814
10800436,20150202
10800436,20150202
10800436,20150202
10612497,20121231
10614557,20130331
10808462,20141031
10610225,20130121
10389687,20130811
10456126,20121231
10587930,20130531
10530285,20120420
10938021,20150531
10938021,20150531
10521819,20121130
10541670,20131231
10689434,20130801
10497255,20120630
10609232,20121031
10613976,20130219
10750408,20150331
10562235,20121025
10543936,20121031
10516920,20120902
10522499,20121231
10466214,20120630
10301771,20120630
10817878,20141031
10416248,20121104
10416248,20121104
10655536,20130123
10655536,20130123
10451478,20121031
10416428,20130531
10677218,20141231
10603875,20130829
10411489,20121231
10456979,20121231
10668781,20140331
10689212,20150707
10536980,20120930
10415644,20150831
10415644,20150831
10415644,20150831
10415644,20150831
10200822,20140102
10561005,20140630
10600203,20130731
10556633,20120831
10416364,20140228
10876014,20150731
10876014,20150731
10508172,20121031
10883153,20150630
10503442,20121231
10298613,20130531
10487890,20140831
10897549,20151130
10897549,20151130
10173857,20121130
10491581,20121231
10416012,20130930
10475693,20150930
10229591,20130331
10594994,20130228
10359597,20130228
10218369,20130531
10491498,20140331
10412664,20111130
10877680,20150131
10216640,20121231
10546602,20120930
10464073,20120630
10247509,20120412
10469182,20140211
10125126,20130731
10605472,20130630
10567168,20130430
10567178,20130430
10561409,20130430
10613806,20121010
10503245,20120930
10619054,20130131
10551126,20150930
10279788,20140403
10159003,20140831
10523612,20120831
10608651,20130805
10592161,20150614
10592161,20150614
10592161,20150614
10592165,20150614
10592165,20150614
10592165,20150614
10592165,20150614
10329797,20111231
10216604,20141231
10219002,20121031
10218063,20120831
10456936,20121231
10541350,20131230
10547139,20120831
10308635,20151231
10159040,20140331
10159028,20150131
10526363,20120501
10159022,20150131
10159037,20140228
10159048,20140331
10159051,20150131
10159057,20150131
10159027,20150131
10160020,20140831
10159049,20130831
10159052,20140731
10159038,20130630
10159033,20140228
10159034,20130831
10159024,20140831
10452155,20150131
10159817,20140831
10159804,20130103
10638614,20130123
10481212,20120316
10235326,20130131
10462657,20121231
10184229,20120831
10214910,20131231
10500386,20121002
10292851,20120902
10575984,20151116
10490738,20121231
10158616,20150131
10452013,20131231
10300984,20150731
10214714,20140131
10572260,20130228
10540876,20150831
10540873,20150831
10237237,20120430
10542967,20121231
10448788,20140331
10551301,20130228
10829636,20150729
10126705,20121130
10463601,20130122
10459698,20141231
10340266,20120831
10507491,20120731
10494916,20121231
10583146,20130228
10236603,20150228
10235604,20140430
10235701,20130331
10235692,20141231
10235610,20140731
10558600,20121231
10473406,20131231
10474383,20151231
10470445,20131231
10484150,20130531
10216768,20121231
10517301,20130831
10612006,20130331
10416310,20131031
10235432,20140331
10540671,20130430
10158976,20150831
10159273,20130831
10522682,20120930
10203079,20130131
10447330,20140731
10554331,20121014
10359005,20130430
10220470,20120831
10302095,20151231
10613735,20121016
10614074,20130531
10614184,20130531
10614161,20130531
10614175,20130531
10614179,20130531
10614081,20130531
10614088,20130531
10614071,20130531
10518093,20120731
10314206,20151031
10545762,20130331
10579966,20121130
10235284,20130630
10565055,20130327
10565055,20130327
10884781,20151126
10465078,20120731
10159365,20140831
10159364,20140831
10159363,20140831
10591077,20130430
10696949,20130609
10696949,20130609
10238359,20130122
10159520,20121031
10843020,20140731
10158609,20131031
10493761,20121231
10544564,20140331
10200060,20120531
10547231,20121231
10694086,20130731
10694086,20130731
10694086,20130731
10694086,20130731
10694086,20130731
10455547,20141031
10550248,20121031
10159099,20150831
10591446,20121231
10520117,20120430
10531140,20130131
10200067,20121130
10466692,20141231
10462441,20120104
10466591,20150131
10853839,20140831
10462661,20130122
10266985,20141231
10582762,20130331
10504707,20120403
10496756,20120822
10467069,20130131
10596725,20121002
10393674,20121031
10551299,20140731
10607491,20130331
10588331,20130228
10788296,20140531
10499877,20121122
10563585,20120930
10174559,20121231
10174559,20121231
10591051,20130131
10393675,20140331
10394780,20150731
10582976,20130831
10752834,20151231
10490743,20121231
10393657,20111130
10489401,20120307
10589932,20140430
10457870,20121231
10394701,20140929
10394701,20140929
10394701,20140929
10785512,20140119
10463777,20131231
10682846,20130502
10543583,20121231
10257996,20120605
10254642,20120802
10255129,20121130
10218213,20130731
10256567,20120218
10615127,20141130
10752885,20141031
10874814,20150802
10779755,20140831
10779755,20140831
10513644,20121008
10803829,20141031
10515805,20120714
10469303,20121231
10700182,20130731
10700182,20130731
10400251,20150131
10705572,20141031
10481673,20150831
10521638,20130630
10506876,20120730
10491063,20120829
10218159,20130430
10444668,20130103
10704783,20140531
10373241,20120702
10471064,20150831
10802596,20150211
10927387,20150430
10434576,20130429
10434576,20130429
10816033,20151231
10537866,20120508
10521186,20120930
10879679,20150331
10879679,20150331
10493536,20130531
10384161,20141231
10571997,20120831
10571997,20120831
10571982,20120831
10571982,20120831
10526347,20130331
10385034,20140331
10324841,20140402
10812043,20140831
10812043,20140831
10235090,20121130
10701626,20150131
10878726,20150301
10690960,20130519
10779268,20131222
10779268,20131222
10735308,20140831
10805423,20141031
10182082,20130331
10861457,20150430
10693100,20140625
10179708,20120624
10179708,20120624
10247588,20121016
10469099,20130131
10181616,20130131
10314320,20120731
10345266,20150331
10582901,20130331
10562778,20120709
10530267,20121031
10524988,20120731
10491817,20130418
10525006,20120731
10525019,20121231
10791777,20150531
10456963,20150731
10456972,20131231
10299268,20120430
10376272,20130630
10548394,20120902
10281106,20130630
10578778,20130131
10159560,20130831
10173991,20120424
10281111,20130731
10451732,20120405
10253422,20130831
10473101,20130911
10626981,20130304
10617329,20131231
10527655,20120831
10833787,20141031
10281017,20120229
10595415,20130331
10577836,20130228
10540092,20120621
10412462,20120430
10779572,20140131
10239179,20120419
10600635,20130131
10935022,20150430
10519064,20120731
10642097,20141231
10576393,20120719
10601170,20120913
10601170,20120913
10539269,20120930
10281312,20121031
10696744,20131030
10696744,20131030
10681364,20141130
10464881,20120731
10672066,20130709
10822210,20150131
10417232,20130930
10736972,20130930
10736972,20130930
10456938,20130630
10609305,20130831
10793887,20140228
10196299,20130531
10253665,20140430
10753219,20141031
10810408,20150331
10195959,20121231
10155999,20130331
10457587,20141130
10929181,20150709
10155060,20130731
10641996,20131231
10159541,20140831
10462051,20121231
10537908,20120531
10485975,20130831
10554375,20130430
10194966,20121231
10666078,20131119
10237455,20140731
10593443,20120907
10809834,20140731
10278203,20121231
10195753,20120930
10602255,20121231
10623293,20130630
10535654,20130716
10389775,20130901
10197134,20121231
10276751,20130831
10514919,20121118
10704494,20140131
10704494,20140131
10412630,20131130
10278156,20120731
10475031,20120128
10524567,20121231
10943667,20150930
10916522,20150228
10706282,20140731
10573524,20130609
10573588,20121231
10128404,20120131
10456601,20131231
10544817,20121231
10457098,20141015
10509488,20130131
10207117,20120723
10591328,20130430
10458394,20140731
10838812,20141031
10609598,20130227
10584653,20130531
10206034,20130131
10470339,20140330
10450255,20150131
10450256,20130531
10205716,20140430
10205716,20140430
10499282,20121031
10457285,20131231
10248905,20121031
10658246,20130428
10662999,20130429
10539246,20120731
10576842,20130719
10183666,20140831
10670648,20150107
10204885,20111231
10569307,20121231
10550456,20120717
10469965,20130228
10200039,20120430
10509803,20120423
10159343,20121231
10501842,20120531
10600900,20130831
10861196,20150228
10302079,20130630
10253937,20130930
10573084,20130531
10812369,20140430
10166563,20120229
10402524,20130709
10557093,20130430
10309292,20140228
10550111,20121231
10578502,20130811
10578502,20130811
10257551,20140531
10775147,20140228
10775147,20140228
10167182,20130122
10590488,20121031
10495835,20120831
10495835,20120831
10614585,20130831
10649217,20150630
10255119,20121231
10457091,20121231
10257151,20121231
10257681,20130331
10257688,20120731
10257690,20130630
10257695,20120731
10257685,20120731
10257698,20120731
10475122,20130531
10495795,20120831
10293312,20130831
10345741,20140609
10539149,20121031
10243455,20120331
10510389,20130930
10285606,20120430
10562522,20121231
10252818,20131031
10885999,20150430
10850098,20141231
10635953,20130331
10616212,20121013
10137103,20120930
10938354,20150531
10674497,20130630
10219004,20131231
10682718,20130419
10138600,20150430
10756732,20140708
10451641,20150531
10675444,20150630
10519288,20121130
10476178,20140331
10140911,20140228
10479812,20130131
10515797,20120702
10757501,20131016
10546741,20130331
10168901,20131031
10471058,20130228
10788738,20140929
10174603,20130630
10580925,20121231
10173603,20120930
10745289,20130917
10854222,20150315
10520000,20120326
10529645,20130331
10465877,20130228
10603624,20140731
10171612,20130331
10171612,20130331
10199646,20151130
10563095,20120812
10344504,20120701
10846562,20150228
10158542,20151031
10576431,20121002
10603927,20121231
10603931,20121231
10170751,20130831
10823000,20141031
10571666,20130430
10883089,20150201
10173496,20130131
10688070,20130902
10614082,20130203
10614082,20130203
10781300,20140131
10789350,20140614
10535755,20121209
10702114,20130731
10704515,20140731
10232591,20111130
10650471,20140430
10499648,20120930
10900963,20150531
10753424,20140630
10131777,20121031
10738997,20140831
10738997,20140831
10132645,20120630
10132644,20120630
10849716,20140831
10132643,20121231
10131766,20130731
10479578,20140531
10077892,20150228
10547328,20120606
10133353,20120819
10826039,20150331
10460469,20120103
10745109,20140228
10741293,20130915
10743002,20150531
10743002,20150531
10742564,20140228
10615351,20130430
10701880,20150131
10701880,20150131
10131793,20130531
10947579,20150907
10659237,20130831
10133890,20120531
10077436,20130630
10101047,20130930
10597777,20130731
10474756,20140228
10091115,20130731
10636326,20121129
10611619,20130328
10560267,20130303
10298667,20120813
10092142,20130930
10117140,20120930
10694925,20130829
10118129,20111130
10671267,20130705
10563328,20121231
10343293,20140831
10293302,20130630
10558986,20121002
10457286,20121231
10234977,20150731
10450918,20120403
10488299,20140630
10375176,20141031
10121753,20121119
10566621,20121231
10181478,20150228
10181478,20150228
10548041,20130118
10293826,20120831
10293343,20131231
10122070,20140131
10518862,20121231
10784340,20140531
10675611,20141231
10478539,20130402
10123237,20121031
10537217,20140731
10468180,20120209
10975570,20151216
10411487,20130430
10477046,20150531
10600584,20120911
10236111,20130131
10593621,20130430
10158782,20130919
10581908,20121231
10598974,20121231
10243291,20130831
10215035,20130430
10456966,20131231
10416437,20121231
10377229,20131208
10219665,20120521
10902631,20150131
10902631,20150131
10902631,20150131
10917281,20150216
10496495,20120930
10246618,20140930
10466141,20150308
10466141,20150308
10159491,20150831
10174464,20120206
10573718,20130430
10557828,20130228
10464601,20121231
10523477,20121231
10168803,20121130
10329982,20140330
10473434,20130630
10457180,20141130
10457470,20121231
10608925,20130531
10401070,20140331
10530018,20130331
10575535,20130228
10158602,20131130
10158984,20140430
10515892,20130331
10515892,20130331
10219369,20121231
10512621,20121031
10488659,20131231
10287313,20131231
10845841,20150831
10573476,20121231
10605058,20130831
10541947,20130930
10528184,20121231
10359801,20120930
10485978,20141231
10470403,20130314
10253738,20130731
10531209,20121016
10640501,20141102
10085346,20121028
10479694,20130115
10479674,20130115
10466655,20120411
10462736,20131231
10462739,20130731
10462753,20121231
10459823,20131231
10559676,20120902
10518638,20120731
10854225,20150315
10345990,20130415
10086047,20130220
10565671,20120830
10391498,20131231
10498866,20121231
10568539,20121031
10702792,20131114
10510709,20121231
10495599,20120731
10575289,20121031
10600677,20130402
10453075,20150831
10453054,20130831
10453056,20130831
10453058,20130531
10453064,20131231
10453087,20140131
10453052,20130831
10594123,20130430
10468990,20121231
10610353,20130131
10523247,20121014
10494785,20120731
10261219,20121231
10158803,20130909
10854238,20150316
10183439,20120131
10488557,20130131
10217171,20140630
10489892,20120630
10148766,20130831
10247925,20140410
10879001,20151206
10879001,20151206
10543918,20121130
10527206,20120412
10497016,20121130
10238650,20140430
10183807,20120306
10183799,20120306
10343757,20140831
10552930,20120831
10166672,20120531
10552247,20120530
10593116,20130731
10614285,20130531
10541732,20130430
10520874,20120327
10158516,20150831
10345750,20150430
10476495,20140107
10607829,20130228
10358814,20140531
10540858,20140731
10540861,20150131
10238812,20140630
10589658,20130228
10597789,20130228
10370940,20140228
10496421,20121231
10469347,20131231
10476426,20130826
10184012,20121231
10535726,20120831
10595451,20130227
10877241,20141031
10502914,20121231
10298606,20130430
10551762,20121231
10585116,20121231
10254225,20141229
10505903,20120630
10579066,20121031
10608838,20130430
10553222,20121031
10522581,20140430
10414256,20120229
10539386,20121122
10169179,20121031
10113213,20141231
10488716,20130731
10523683,20120329
10416691,20140930
10459383,20121231
10166670,20130331
10416116,20140505
10416116,20140505
10868941,20151008
10868089,20151005
10600760,20130129
10509477,20121231
10235161,20121130
10579948,20121231
10221531,20150930
10553451,20121130
10585775,20121031
10549736,20121031
10533809,20121031
10533805,20121031
10500830,20120430
10168746,20111130
10731726,20130930
10216910,20130331
10158571,20141130
10169248,20140930
10168548,20130331
10168110,20131031
10237958,20120330
10577384,20120815
10235939,20120831
10558613,20130131
10524418,20120831
10344973,20120418
10529395,20130403
10907370,20150731
10580920,20121130
10492579,20120531
10602300,20130619
10602302,20121119
10609753,20121231
10544311,20130228
10514236,20130228
10168423,20140228
10850944,20141231
10215954,20140101
10247928,20150831
10456653,20141231
10583280,20130930
10518056,20130228
10673727,20131114
10235056,20150228
10443037,20130430
10653496,20140930
10301025,20131031
10495167,20120331
10220519,20160131
10459893,20141231
10631526,20150228
10543649,20120930
10575955,20140930
10159064,20131130
10214953,20141231
10343953,20121231
10510206,20120606
10562971,20130331
10562974,20120709
10201980,20120916
10201980,20120916
10555715,20130131
10344843,20141231
10203077,20120630
10239098,20131231
10643083,20131231
10455172,20140531
10200045,20120831
10549231,20130331
10463593,20131231
10463976,20150731
10463970,20130228
10411495,20120703
10411494,20141130
10454012,20140930
10215147,20151231
10219033,20151031
10412214,20121231
10415390,20130430
10575615,20130630
10543614,20130430
10581588,20121031
10549752,20120831
10543739,20130228
10511542,20120630
10202166,20120531
10298619,20150331
10757036,20140731
10599064,20121021
10505802,20130228
10477022,20120519
10874149,20150323
10547799,20121231
10461888,20121231
10523496,20121031
10527197,20121031
10529653,20130331
10590366,20130531
10600339,20131031
10497578,20121130
10400021,20150731
10502917,20121231
10489248,20121231
10453024,20120528
10359799,20130430
10587964,20121031
10598734,20130228
10343895,20120930
10344677,20130929
10602141,20130331
10941722,20151214
10642028,20130701
10158872,20140831
10921014,20150331
10237606,20140630
10593625,20130430
10518355,20130131
10518358,20140803
10479220,20120306
10479222,20130131
10459569,20150731
10474146,20141031
10402761,20130131
10125660,20121204
10158883,20121003
10459202,20120328
10343719,20130113
10603478,20130430
10229937,20130331
10494979,20120213
10345684,20121231
10235892,20140430
10307664,20121031
10543935,20130331
10452572,20130930
10262644,20130904
10359242,20130430
10248554,20121031
10641541,20130430
10641541,20130430
10159805,20130908
10308271,20130731
10540859,20120930
10253812,20130331
10529373,20121231
10523382,20120514
10523395,20120514
10530370,20121008
10309296,20150331
10604014,20130531
10286142,20120229
10286199,20121231
10488721,20131028
10246506,20131231
10596421,20130630
10452088,20131130
10452090,20131130
10389730,20121004
10216851,20141231
10696887,20130731
10594608,20130531
10258178,20120726
10865422,20141229
10541701,20130430
10216958,20141031
10444316,20120229
10564130,20120702
10412218,20120731
10568679,20121231
10160431,20130630
10535719,20120930
10570438,20121231
10510325,20121231
10172712,20131211
10676427,20130403
10459588,20121231
10285587,20140131
10235059,20140731
10237823,20130131
10513310,20120725
10523246,20120930
10534977,20130331
10280942,20120229
10542982,20121231
10510174,20120930
10158606,20130831
10159353,20131130
10173700,20131231
10664118,20130612
10286140,20111130
10649467,20130507
10204865,20130930
10204865,20130930
10570436,20120709
10481327,20120126
10470095,20130430
10509512,20120423
10313803,20111130
10199158,20140228
10565019,20121031
10358017,20120531
10544149,20120831
10594378,20130228
10253054,20150602
10467864,20121231
10343629,20131231
10219124,20131231
10658637,20130731
10159838,20130616
10159838,20130616
10159838,20130616
10473701,20130116
10646302,20140131
10559412,20130531
10158683,20150831
10447341,20131031
10585217,20130731
10654318,20130331
10285395,20140131
10489065,20120605
10159274,20150131
10217212,20140430
10217212,20140430
10784729,20140630
10159582,20130131
10588796,20121130
10516568,20120430
10609429,20130331
10183440,20120331
10218345,20131231
10344733,20120910
10636754,20121203
10182740,20131231
10568236,20121209
10518417,20120731
10671455,20140331
10644548,20130428
10644548,20130428
10981258,20160101
10267042,20130430
10539375,20121231
10498898,20121108
10570284,20130107
10183569,20140331
10219273,20141231
10401056,20130731
10218019,20130831
10868310,20150101
10474156,20150131
10551303,20150228
10811307,20140731
10811307,20140731
10563116,20121003
10606569,20130228
10247966,20120528
10216603,20121231
10834511,20140630
10515584,20121231
10381838,20120430
10693019,20130529
10569323,20130228
10564871,20121014
10860868,20140930
10535799,20121031
10452769,20140714
10264094,20130630
10877610,20151130
10543973,20121231
10555885,20130531
10601163,20121231
10263263,20130531
10484930,20130531
10518651,20130131
10518653,20121130
10709772,20150228
10565873,20130131
10691164,20130630
10691164,20130630
10446811,20121130
10581284,20130630
10481331,20130131
10864867,20141228
10864855,20141228
10248899,20121031
10637574,20130331
10925421,20150315
10925421,20150315
10457042,20150731
10308308,20120430
10854124,20150831
10529615,20120809
10932392,20150731
10359705,20130430
10149639,20120630
10540123,20121231
10559051,20130131
10830793,20150331
10782623,20140531
10935095,20150531
10413704,20131231
10413704,20131231
10710043,20130729
10235321,20121002
10544017,20120731
10413573,20130930
10257793,20130531
10695927,20130903
10477109,20120924
10735270,20140831
10495783,20120831
10495790,20120831
10595312,20130131
10559725,20130131
10255111,20151130
10756460,20140731
10752901,20140531
10149449,20120630
10149449,20120630
10574147,20120719
10815174,20140430
10815174,20140430
10582873,20121231
10645883,20130506
10567694,20121130
10149153,20121031
10149153,20121031
10375248,20111231
10752117,20140706
10586377,20121209
10149227,20120531
10106137,20121031
10200044,20111231
10235633,20130630
10236067,20121009
10235672,20121231
10236372,20130630
10253762,20141031
10253762,20141031
10581917,20121231
10457073,20140113
10580881,20121231
10580881,20121231
10160260,20120118
10520775,20120630
10634609,20130326
10609325,20130926
10609325,20130926
10242289,20130630
10456055,20140831
10454665,20120630
10742893,20131031
10539120,20121231
10544400,20130123
10550475,20121231
10193250,20130409
10218141,20131231
10492263,20120630
10453564,20121031
10415537,20121031
10475465,20140731
10476284,20140731
10160224,20140630
10541197,20130430
10580886,20121231
10554041,20120905
10712242,20140302
10863275,20141222
10479331,20120531
10359279,20140531
10934713,20150728
10540836,20140131
10564919,20121031
10564916,20121031
10248903,20121031
10582876,20121231
10359778,20130430
10199231,20150810
10125535,20121231
10537803,20120516
10235195,20151031
10580744,20130131
10263246,20150630
10532711,20120630
10608515,20130630
10566782,20130331
10566776,20130331
10375232,20111231
10564863,20130228
10580111,20121130
10580111,20121130
10537629,20120630
10651944,20130513
10599818,20130109
10631049,20130831
10517168,20130731
10358362,20130116
10587667,20121231
10757085,20140430
10757085,20140430
10324737,20120827
10359472,20131031
10539216,20120831
10540269,20130131
10518432,20130131
10562610,20120711
10125683,20140531
10125013,20120331
10788114,20140513
10530120,20131231
10344411,20140630
10504306,20130304
10401100,20130630
10643364,20140630
10643364,20140630
10464503,20120402
10609046,20130531
10313179,20120703
10628781,20130309
10359329,20130213
10820957,20150131
10183436,20130131
10551294,20130829
10650335,20150831
10734156,20131231
10457178,20151231
10601631,20150930
10798237,20140831
10553631,20130630
10519107,20130430
10217130,20130630
10540658,20120520
10673470,20130430
10492652,20130131
10243527,20130630
10677911,20151130
10131715,20120531
10456723,20140531
10469207,20120120
10600380,20121031
10132838,20121204
10550198,20120831
10173899,20131231
10283860,20121026
10218974,20131231
10577558,20120831
10500316,20120314
10627067,20121130
10558783,20120619
10577919,20121031
10479855,20131031
10543474,20140831
10657444,20141031
10296118,20120331
10267718,20130630
10296127,20120731
10296820,20131130
10843734,20150714
10504477,20121001
10159570,20140831
10628226,20130214
10547080,20120731
10547080,20120731
10547080,20120731
10882921,20151113
10493734,20121031
10541463,20120509
10527618,20121031
10254680,20141130
10607738,20130331
10711514,20140830
10711514,20140830
10220546,20130430
10475241,20130117
10581724,20121031
10457086,20121231
10234915,20121031
10782847,20140108
10343579,20121231
10596575,20121231
